id,nombre,punto_avl,punto_btree
8,Centro0,"(0.0, 0.0)","(0.0, 0.0)"
9,Centro1,"(0.5, 0.0)","(0.5, 0.0)"
10,Centro2,"(1.0, 0.0)","(1.0, 0.0)"
11,Centro3,"(1.5, 0.0)","(1.5, 0.0)"
12,Centro4,"(2.0, 0.0)","(2.0, 0.0)"
13,Centro5,"(2.5, 0.0)","(2.5, 0.0)"
14,Centro6,"(3.0, 0.0)","(3.0, 0.0)"
15,Centro7,"(3.5, 0.0)","(3.5, 0.0)"
16,Centro8,"(4.0, 0.0)","(4.0, 0.0)"
17,Centro9,"(4.5, 0.0)","(4.5, 0.0)"
18,Centro10,"(5.0, 0.0)","(5.0, 0.0)"
19,Centro11,"(5.5, 0.0)","(5.5, 0.0)"
20,Centro12,"(6.0, 0.0)","(6.0, 0.0)"
21,Centro13,"(6.5, 0.0)","(6.5, 0.0)"
22,Centro14,"(7.0, 0.0)","(7.0, 0.0)"
23,Centro15,"(7.5, 0.0)","(7.5, 0.0)"
24,Centro16,"(8.0, 0.0)","(8.0, 0.0)"
25,Centro17,"(8.5, 0.0)","(8.5, 0.0)"
26,Centro18,"(9.0, 0.0)","(9.0, 0.0)"
27,Centro19,"(9.5, 0.0)","(9.5, 0.0)"
28,Centro20,"(0.0, 1.0)","(0.0, 1.0)"
29,Centro21,"(0.5, 1.0)","(0.5, 1.0)"
30,Centro22,"(1.0, 1.0)","(1.0, 1.0)"
31,Centro23,"(1.5, 1.0)","(1.5, 1.0)"
32,Centro24,"(2.0, 1.0)","(2.0, 1.0)"
33,Centro25,"(2.5, 1.0)","(2.5, 1.0)"
34,Centro26,"(3.0, 1.0)","(3.0, 1.0)"
35,Centro27,"(3.5, 1.0)","(3.5, 1.0)"
36,Centro28,"(4.0, 1.0)","(4.0, 1.0)"
37,Centro29,"(4.5, 1.0)","(4.5, 1.0)"
38,Centro30,"(5.0, 1.0)","(5.0, 1.0)"
39,Centro31,"(5.5, 1.0)","(5.5, 1.0)"
40,Centro32,"(6.0, 1.0)","(6.0, 1.0)"
41,Centro33,"(6.5, 1.0)","(6.5, 1.0)"
42,Centro34,"(7.0, 1.0)","(7.0, 1.0)"
43,Centro35,"(7.5, 1.0)","(7.5, 1.0)"
44,Centro36,"(8.0, 1.0)","(8.0, 1.0)"
45,Centro37,"(8.5, 1.0)","(8.5, 1.0)"
46,Centro38,"(9.0, 1.0)","(9.0, 1.0)"
47,Centro39,"(9.5, 1.0)","(9.5, 1.0)"
48,Centro40,"(0.0, 2.0)","(0.0, 2.0)"
49,Centro41,"(0.5, 2.0)","(0.5, 2.0)"
50,Centro42,"(1.0, 2.0)","(1.0, 2.0)"
51,Centro43,"(1.5, 2.0)","(1.5, 2.0)"
52,Centro44,"(2.0, 2.0)","(2.0, 2.0)"
53,Centro45,"(2.5, 2.0)","(2.5, 2.0)"
54,Centro46,"(3.0, 2.0)","(3.0, 2.0)"
55,Centro47,"(3.5, 2.0)","(3.5, 2.0)"
56,Centro48,"(4.0, 2.0)","(4.0, 2.0)"
57,Centro49,"(4.5, 2.0)","(4.5, 2.0)"
58,Centro50,"(5.0, 2.0)","(5.0, 2.0)"
59,Centro51,"(5.5, 2.0)","(5.5, 2.0)"
60,Centro52,"(6.0, 2.0)","(6.0, 2.0)"
61,Centro53,"(6.5, 2.0)","(6.5, 2.0)"
62,Centro54,"(7.0, 2.0)","(7.0, 2.0)"
63,Centro55,"(7.5, 2.0)","(7.5, 2.0)"
64,Centro56,"(8.0, 2.0)","(8.0, 2.0)"
65,Centro57,"(8.5, 2.0)","(8.5, 2.0)"
66,Centro58,"(9.0, 2.0)","(9.0, 2.0)"
67,Centro59,"(9.5, 2.0)","(9.5, 2.0)"
68,Centro60,"(0.0, 3.0)","(0.0, 3.0)"
69,Centro61,"(0.5, 3.0)","(0.5, 3.0)"
70,Centro62,"(1.0, 3.0)","(1.0, 3.0)"
71,Centro63,"(1.5, 3.0)","(1.5, 3.0)"
72,Centro64,"(2.0, 3.0)","(2.0, 3.0)"
73,Centro65,"(2.5, 3.0)","(2.5, 3.0)"
74,Centro66,"(3.0, 3.0)","(3.0, 3.0)"
75,Centro67,"(3.5, 3.0)","(3.5, 3.0)"
76,Centro68,"(4.0, 3.0)","(4.0, 3.0)"
77,Centro69,"(4.5, 3.0)","(4.5, 3.0)"
78,Centro70,"(5.0, 3.0)","(5.0, 3.0)"
79,Centro71,"(5.5, 3.0)","(5.5, 3.0)"
80,Centro72,"(6.0, 3.0)","(6.0, 3.0)"
81,Centro73,"(6.5, 3.0)","(6.5, 3.0)"
82,Centro74,"(7.0, 3.0)","(7.0, 3.0)"
83,Centro75,"(7.5, 3.0)","(7.5, 3.0)"
84,Centro76,"(8.0, 3.0)","(8.0, 3.0)"
85,Centro77,"(8.5, 3.0)","(8.5, 3.0)"
86,Centro78,"(9.0, 3.0)","(9.0, 3.0)"
87,Centro79,"(9.5, 3.0)","(9.5, 3.0)"
88,Centro80,"(0.0, 4.0)","(0.0, 4.0)"
89,Centro81,"(0.5, 4.0)","(0.5, 4.0)"
90,Centro82,"(1.0, 4.0)","(1.0, 4.0)"
91,Centro83,"(1.5, 4.0)","(1.5, 4.0)"
92,Centro84,"(2.0, 4.0)","(2.0, 4.0)"
93,Centro85,"(2.5, 4.0)","(2.5, 4.0)"
94,Centro86,"(3.0, 4.0)","(3.0, 4.0)"
95,Centro87,"(3.5, 4.0)","(3.5, 4.0)"
96,Centro88,"(4.0, 4.0)","(4.0, 4.0)"
97,Centro89,"(4.5, 4.0)","(4.5, 4.0)"
98,Centro90,"(5.0, 4.0)","(5.0, 4.0)"
99,Centro91,"(5.5, 4.0)","(5.5, 4.0)"
100,Centro92,"(6.0, 4.0)","(6.0, 4.0)"
101,Centro93,"(6.5, 4.0)","(6.5, 4.0)"
102,Centro94,"(7.0, 4.0)","(7.0, 4.0)"
103,Centro95,"(7.5, 4.0)","(7.5, 4.0)"
104,Centro96,"(8.0, 4.0)","(8.0, 4.0)"
105,Centro97,"(8.5, 4.0)","(8.5, 4.0)"
106,Centro98,"(9.0, 4.0)","(9.0, 4.0)"
107,Centro99,"(9.5, 4.0)","(9.5, 4.0)"
108,Norte0,"(0.0, 5.0)","(0.0, 5.0)"
109,Norte1,"(0.5, 5.0)","(0.5, 5.0)"
110,Norte2,"(1.0, 5.0)","(1.0, 5.0)"
111,Norte3,"(1.5, 5.0)","(1.5, 5.0)"
112,Norte4,"(2.0, 5.0)","(2.0, 5.0)"
113,Norte5,"(2.5, 5.0)","(2.5, 5.0)"
114,Norte6,"(3.0, 5.0)","(3.0, 5.0)"
115,Norte7,"(3.5, 5.0)","(3.5, 5.0)"
116,Norte8,"(4.0, 5.0)","(4.0, 5.0)"
117,Norte9,"(4.5, 5.0)","(4.5, 5.0)"
118,Norte10,"(5.0, 5.0)","(5.0, 5.0)"
119,Norte11,"(5.5, 5.0)","(5.5, 5.0)"
120,Norte12,"(6.0, 5.0)","(6.0, 5.0)"
121,Norte13,"(6.5, 5.0)","(6.5, 5.0)"
122,Norte14,"(7.0, 5.0)","(7.0, 5.0)"
123,Norte15,"(7.5, 5.0)","(7.5, 5.0)"
124,Norte16,"(8.0, 5.0)","(8.0, 5.0)"
125,Norte17,"(8.5, 5.0)","(8.5, 5.0)"
126,Norte18,"(9.0, 5.0)","(9.0, 5.0)"
127,Norte19,"(9.5, 5.0)","(9.5, 5.0)"
128,Norte20,"(0.0, 6.0)","(0.0, 6.0)"
129,Norte21,"(0.5, 6.0)","(0.5, 6.0)"
130,Norte22,"(1.0, 6.0)","(1.0, 6.0)"
131,Norte23,"(1.5, 6.0)","(1.5, 6.0)"
132,Norte24,"(2.0, 6.0)","(2.0, 6.0)"
133,Norte25,"(2.5, 6.0)","(2.5, 6.0)"
134,Norte26,"(3.0, 6.0)","(3.0, 6.0)"
135,Norte27,"(3.5, 6.0)","(3.5, 6.0)"
136,Norte28,"(4.0, 6.0)","(4.0, 6.0)"
137,Norte29,"(4.5, 6.0)","(4.5, 6.0)"
138,Norte30,"(5.0, 6.0)","(5.0, 6.0)"
139,Norte31,"(5.5, 6.0)","(5.5, 6.0)"
140,Norte32,"(6.0, 6.0)","(6.0, 6.0)"
141,Norte33,"(6.5, 6.0)","(6.5, 6.0)"
142,Norte34,"(7.0, 6.0)","(7.0, 6.0)"
143,Norte35,"(7.5, 6.0)","(7.5, 6.0)"
144,Norte36,"(8.0, 6.0)","(8.0, 6.0)"
145,Norte37,"(8.5, 6.0)","(8.5, 6.0)"
146,Norte38,"(9.0, 6.0)","(9.0, 6.0)"
147,Norte39,"(9.5, 6.0)","(9.5, 6.0)"
148,Norte40,"(0.0, 7.0)","(0.0, 7.0)"
149,Norte41,"(0.5, 7.0)","(0.5, 7.0)"
150,Norte42,"(1.0, 7.0)","(1.0, 7.0)"
151,Norte43,"(1.5, 7.0)","(1.5, 7.0)"
152,Norte44,"(2.0, 7.0)","(2.0, 7.0)"
153,Norte45,"(2.5, 7.0)","(2.5, 7.0)"
154,Norte46,"(3.0, 7.0)","(3.0, 7.0)"
155,Norte47,"(3.5, 7.0)","(3.5, 7.0)"
156,Norte48,"(4.0, 7.0)","(4.0, 7.0)"
157,Norte49,"(4.5, 7.0)","(4.5, 7.0)"
158,Norte50,"(5.0, 7.0)","(5.0, 7.0)"
159,Norte51,"(5.5, 7.0)","(5.5, 7.0)"
160,Norte52,"(6.0, 7.0)","(6.0, 7.0)"
161,Norte53,"(6.5, 7.0)","(6.5, 7.0)"
162,Norte54,"(7.0, 7.0)","(7.0, 7.0)"
163,Norte55,"(7.5, 7.0)","(7.5, 7.0)"
164,Norte56,"(8.0, 7.0)","(8.0, 7.0)"
165,Norte57,"(8.5, 7.0)","(8.5, 7.0)"
166,Norte58,"(9.0, 7.0)","(9.0, 7.0)"
167,Norte59,"(9.5, 7.0)","(9.5, 7.0)"
168,Norte60,"(0.0, 8.0)","(0.0, 8.0)"
169,Norte61,"(0.5, 8.0)","(0.5, 8.0)"
170,Norte62,"(1.0, 8.0)","(1.0, 8.0)"
171,Norte63,"(1.5, 8.0)","(1.5, 8.0)"
172,Norte64,"(2.0, 8.0)","(2.0, 8.0)"
173,Norte65,"(2.5, 8.0)","(2.5, 8.0)"
174,Norte66,"(3.0, 8.0)","(3.0, 8.0)"
175,Norte67,"(3.5, 8.0)","(3.5, 8.0)"
176,Norte68,"(4.0, 8.0)","(4.0, 8.0)"
177,Norte69,"(4.5, 8.0)","(4.5, 8.0)"
178,Norte70,"(5.0, 8.0)","(5.0, 8.0)"
179,Norte71,"(5.5, 8.0)","(5.5, 8.0)"
180,Norte72,"(6.0, 8.0)","(6.0, 8.0)"
181,Norte73,"(6.5, 8.0)","(6.5, 8.0)"
182,Norte74,"(7.0, 8.0)","(7.0, 8.0)"
183,Norte75,"(7.5, 8.0)","(7.5, 8.0)"
184,Norte76,"(8.0, 8.0)","(8.0, 8.0)"
185,Norte77,"(8.5, 8.0)","(8.5, 8.0)"
186,Norte78,"(9.0, 8.0)","(9.0, 8.0)"
187,Norte79,"(9.5, 8.0)","(9.5, 8.0)"
188,Norte80,"(0.0, 9.0)","(0.0, 9.0)"
189,Norte81,"(0.5, 9.0)","(0.5, 9.0)"
190,Norte82,"(1.0, 9.0)","(1.0, 9.0)"
191,Norte83,"(1.5, 9.0)","(1.5, 9.0)"
192,Norte84,"(2.0, 9.0)","(2.0, 9.0)"
193,Norte85,"(2.5, 9.0)","(2.5, 9.0)"
194,Norte86,"(3.0, 9.0)","(3.0, 9.0)"
195,Norte87,"(3.5, 9.0)","(3.5, 9.0)"
196,Norte88,"(4.0, 9.0)","(4.0, 9.0)"
197,Norte89,"(4.5, 9.0)","(4.5, 9.0)"
198,Norte90,"(5.0, 9.0)","(5.0, 9.0)"
199,Norte91,"(5.5, 9.0)","(5.5, 9.0)"
200,Norte92,"(6.0, 9.0)","(6.0, 9.0)"
201,Norte93,"(6.5, 9.0)","(6.5, 9.0)"
202,Norte94,"(7.0, 9.0)","(7.0, 9.0)"
203,Norte95,"(7.5, 9.0)","(7.5, 9.0)"
204,Norte96,"(8.0, 9.0)","(8.0, 9.0)"
205,Norte97,"(8.5, 9.0)","(8.5, 9.0)"
206,Norte98,"(9.0, 9.0)","(9.0, 9.0)"
207,Norte99,"(9.5, 9.0)","(9.5, 9.0)"
208,Sur0,"(-0.0, 0.0)","(-0.0, 0.0)"
209,Sur1,"(-0.5, 0.0)","(-0.5, 0.0)"
210,Sur2,"(-1.0, 0.0)","(-1.0, 0.0)"
211,Sur3,"(-1.5, 0.0)","(-1.5, 0.0)"
212,Sur4,"(-2.0, 0.0)","(-2.0, 0.0)"
213,Sur5,"(-2.5, 0.0)","(-2.5, 0.0)"
214,Sur6,"(-3.0, 0.0)","(-3.0, 0.0)"
215,Sur7,"(-3.5, 0.0)","(-3.5, 0.0)"
216,Sur8,"(-4.0, 0.0)","(-4.0, 0.0)"
217,Sur9,"(-4.5, 0.0)","(-4.5, 0.0)"
218,Sur10,"(-5.0, 0.0)","(-5.0, 0.0)"
219,Sur11,"(-5.5, 0.0)","(-5.5, 0.0)"
220,Sur12,"(-6.0, 0.0)","(-6.0, 0.0)"
221,Sur13,"(-6.5, 0.0)","(-6.5, 0.0)"
222,Sur14,"(-7.0, 0.0)","(-7.0, 0.0)"
223,Sur15,"(-7.5, 0.0)","(-7.5, 0.0)"
224,Sur16,"(-8.0, 0.0)","(-8.0, 0.0)"
225,Sur17,"(-8.5, 0.0)","(-8.5, 0.0)"
226,Sur18,"(-9.0, 0.0)","(-9.0, 0.0)"
227,Sur19,"(-9.5, 0.0)","(-9.5, 0.0)"
228,Sur20,"(-0.0, 1.0)","(-0.0, 1.0)"
229,Sur21,"(-0.5, 1.0)","(-0.5, 1.0)"
230,Sur22,"(-1.0, 1.0)","(-1.0, 1.0)"
231,Sur23,"(-1.5, 1.0)","(-1.5, 1.0)"
232,Sur24,"(-2.0, 1.0)","(-2.0, 1.0)"
233,Sur25,"(-2.5, 1.0)","(-2.5, 1.0)"
234,Sur26,"(-3.0, 1.0)","(-3.0, 1.0)"
235,Sur27,"(-3.5, 1.0)","(-3.5, 1.0)"
236,Sur28,"(-4.0, 1.0)","(-4.0, 1.0)"
237,Sur29,"(-4.5, 1.0)","(-4.5, 1.0)"
238,Sur30,"(-5.0, 1.0)","(-5.0, 1.0)"
239,Sur31,"(-5.5, 1.0)","(-5.5, 1.0)"
240,Sur32,"(-6.0, 1.0)","(-6.0, 1.0)"
241,Sur33,"(-6.5, 1.0)","(-6.5, 1.0)"
242,Sur34,"(-7.0, 1.0)","(-7.0, 1.0)"
243,Sur35,"(-7.5, 1.0)","(-7.5, 1.0)"
244,Sur36,"(-8.0, 1.0)","(-8.0, 1.0)"
245,Sur37,"(-8.5, 1.0)","(-8.5, 1.0)"
246,Sur38,"(-9.0, 1.0)","(-9.0, 1.0)"
247,Sur39,"(-9.5, 1.0)","(-9.5, 1.0)"
248,Sur40,"(-0.0, 2.0)","(-0.0, 2.0)"
249,Sur41,"(-0.5, 2.0)","(-0.5, 2.0)"
250,Sur42,"(-1.0, 2.0)","(-1.0, 2.0)"
251,Sur43,"(-1.5, 2.0)","(-1.5, 2.0)"
252,Sur44,"(-2.0, 2.0)","(-2.0, 2.0)"
253,Sur45,"(-2.5, 2.0)","(-2.5, 2.0)"
254,Sur46,"(-3.0, 2.0)","(-3.0, 2.0)"
255,Sur47,"(-3.5, 2.0)","(-3.5, 2.0)"
256,Sur48,"(-4.0, 2.0)","(-4.0, 2.0)"
257,Sur49,"(-4.5, 2.0)","(-4.5, 2.0)"
258,Sur50,"(-5.0, 2.0)","(-5.0, 2.0)"
259,Sur51,"(-5.5, 2.0)","(-5.5, 2.0)"
260,Sur52,"(-6.0, 2.0)","(-6.0, 2.0)"
261,Sur53,"(-6.5, 2.0)","(-6.5, 2.0)"
262,Sur54,"(-7.0, 2.0)","(-7.0, 2.0)"
263,Sur55,"(-7.5, 2.0)","(-7.5, 2.0)"
264,Sur56,"(-8.0, 2.0)","(-8.0, 2.0)"
265,Sur57,"(-8.5, 2.0)","(-8.5, 2.0)"
266,Sur58,"(-9.0, 2.0)","(-9.0, 2.0)"
267,Sur59,"(-9.5, 2.0)","(-9.5, 2.0)"
268,Sur60,"(-0.0, 3.0)","(-0.0, 3.0)"
269,Sur61,"(-0.5, 3.0)","(-0.5, 3.0)"
270,Sur62,"(-1.0, 3.0)","(-1.0, 3.0)"
271,Sur63,"(-1.5, 3.0)","(-1.5, 3.0)"
272,Sur64,"(-2.0, 3.0)","(-2.0, 3.0)"
273,Sur65,"(-2.5, 3.0)","(-2.5, 3.0)"
274,Sur66,"(-3.0, 3.0)","(-3.0, 3.0)"
275,Sur67,"(-3.5, 3.0)","(-3.5, 3.0)"
276,Sur68,"(-4.0, 3.0)","(-4.0, 3.0)"
277,Sur69,"(-4.5, 3.0)","(-4.5, 3.0)"
278,Sur70,"(-5.0, 3.0)","(-5.0, 3.0)"
279,Sur71,"(-5.5, 3.0)","(-5.5, 3.0)"
280,Sur72,"(-6.0, 3.0)","(-6.0, 3.0)"
281,Sur73,"(-6.5, 3.0)","(-6.5, 3.0)"
282,Sur74,"(-7.0, 3.0)","(-7.0, 3.0)"
283,Sur75,"(-7.5, 3.0)","(-7.5, 3.0)"
284,Sur76,"(-8.0, 3.0)","(-8.0, 3.0)"
285,Sur77,"(-8.5, 3.0)","(-8.5, 3.0)"
286,Sur78,"(-9.0, 3.0)","(-9.0, 3.0)"
287,Sur79,"(-9.5, 3.0)","(-9.5, 3.0)"
288,Sur80,"(-0.0, 4.0)","(-0.0, 4.0)"
289,Sur81,"(-0.5, 4.0)","(-0.5, 4.0)"
290,Sur82,"(-1.0, 4.0)","(-1.0, 4.0)"
291,Sur83,"(-1.5, 4.0)","(-1.5, 4.0)"
292,Sur84,"(-2.0, 4.0)","(-2.0, 4.0)"
293,Sur85,"(-2.5, 4.0)","(-2.5, 4.0)"
294,Sur86,"(-3.0, 4.0)","(-3.0, 4.0)"
295,Sur87,"(-3.5, 4.0)","(-3.5, 4.0)"
296,Sur88,"(-4.0, 4.0)","(-4.0, 4.0)"
297,Sur89,"(-4.5, 4.0)","(-4.5, 4.0)"
298,Sur90,"(-5.0, 4.0)","(-5.0, 4.0)"
299,Sur91,"(-5.5, 4.0)","(-5.5, 4.0)"
300,Sur92,"(-6.0, 4.0)","(-6.0, 4.0)"
301,Sur93,"(-6.5, 4.0)","(-6.5, 4.0)"
302,Sur94,"(-7.0, 4.0)","(-7.0, 4.0)"
303,Sur95,"(-7.5, 4.0)","(-7.5, 4.0)"
304,Sur96,"(-8.0, 4.0)","(-8.0, 4.0)"
305,Sur97,"(-8.5, 4.0)","(-8.5, 4.0)"
306,Sur98,"(-9.0, 4.0)","(-9.0, 4.0)"
307,Sur99,"(-9.5, 4.0)","(-9.5, 4.0)"
308,Este0,"(-0.0, 5.0)","(-0.0, 5.0)"
309,Este1,"(-0.5, 5.0)","(-0.5, 5.0)"
310,Este2,"(-1.0, 5.0)","(-1.0, 5.0)"
311,Este3,"(-1.5, 5.0)","(-1.5, 5.0)"
312,Este4,"(-2.0, 5.0)","(-2.0, 5.0)"
313,Este5,"(-2.5, 5.0)","(-2.5, 5.0)"
314,Este6,"(-3.0, 5.0)","(-3.0, 5.0)"
315,Este7,"(-3.5, 5.0)","(-3.5, 5.0)"
316,Este8,"(-4.0, 5.0)","(-4.0, 5.0)"
317,Este9,"(-4.5, 5.0)","(-4.5, 5.0)"
318,Este10,"(-5.0, 5.0)","(-5.0, 5.0)"
319,Este11,"(-5.5, 5.0)","(-5.5, 5.0)"
320,Este12,"(-6.0, 5.0)","(-6.0, 5.0)"
321,Este13,"(-6.5, 5.0)","(-6.5, 5.0)"
322,Este14,"(-7.0, 5.0)","(-7.0, 5.0)"
323,Este15,"(-7.5, 5.0)","(-7.5, 5.0)"
324,Este16,"(-8.0, 5.0)","(-8.0, 5.0)"
325,Este17,"(-8.5, 5.0)","(-8.5, 5.0)"
326,Este18,"(-9.0, 5.0)","(-9.0, 5.0)"
327,Este19,"(-9.5, 5.0)","(-9.5, 5.0)"
328,Este20,"(-0.0, 6.0)","(-0.0, 6.0)"
329,Este21,"(-0.5, 6.0)","(-0.5, 6.0)"
330,Este22,"(-1.0, 6.0)","(-1.0, 6.0)"
331,Este23,"(-1.5, 6.0)","(-1.5, 6.0)"
332,Este24,"(-2.0, 6.0)","(-2.0, 6.0)"
333,Este25,"(-2.5, 6.0)","(-2.5, 6.0)"
334,Este26,"(-3.0, 6.0)","(-3.0, 6.0)"
335,Este27,"(-3.5, 6.0)","(-3.5, 6.0)"
336,Este28,"(-4.0, 6.0)","(-4.0, 6.0)"
337,Este29,"(-4.5, 6.0)","(-4.5, 6.0)"
338,Este30,"(-5.0, 6.0)","(-5.0, 6.0)"
339,Este31,"(-5.5, 6.0)","(-5.5, 6.0)"
340,Este32,"(-6.0, 6.0)","(-6.0, 6.0)"
341,Este33,"(-6.5, 6.0)","(-6.5, 6.0)"
342,Este34,"(-7.0, 6.0)","(-7.0, 6.0)"
343,Este35,"(-7.5, 6.0)","(-7.5, 6.0)"
344,Este36,"(-8.0, 6.0)","(-8.0, 6.0)"
345,Este37,"(-8.5, 6.0)","(-8.5, 6.0)"
346,Este38,"(-9.0, 6.0)","(-9.0, 6.0)"
347,Este39,"(-9.5, 6.0)","(-9.5, 6.0)"
348,Este40,"(-0.0, 7.0)","(-0.0, 7.0)"
349,Este41,"(-0.5, 7.0)","(-0.5, 7.0)"
350,Este42,"(-1.0, 7.0)","(-1.0, 7.0)"
351,Este43,"(-1.5, 7.0)","(-1.5, 7.0)"
352,Este44,"(-2.0, 7.0)","(-2.0, 7.0)"
353,Este45,"(-2.5, 7.0)","(-2.5, 7.0)"
354,Este46,"(-3.0, 7.0)","(-3.0, 7.0)"
355,Este47,"(-3.5, 7.0)","(-3.5, 7.0)"
356,Este48,"(-4.0, 7.0)","(-4.0, 7.0)"
357,Este49,"(-4.5, 7.0)","(-4.5, 7.0)"
358,Este50,"(-5.0, 7.0)","(-5.0, 7.0)"
359,Este51,"(-5.5, 7.0)","(-5.5, 7.0)"
360,Este52,"(-6.0, 7.0)","(-6.0, 7.0)"
361,Este53,"(-6.5, 7.0)","(-6.5, 7.0)"
362,Este54,"(-7.0, 7.0)","(-7.0, 7.0)"
363,Este55,"(-7.5, 7.0)","(-7.5, 7.0)"
364,Este56,"(-8.0, 7.0)","(-8.0, 7.0)"
365,Este57,"(-8.5, 7.0)","(-8.5, 7.0)"
366,Este58,"(-9.0, 7.0)","(-9.0, 7.0)"
367,Este59,"(-9.5, 7.0)","(-9.5, 7.0)"
368,Este60,"(-0.0, 8.0)","(-0.0, 8.0)"
369,Este61,"(-0.5, 8.0)","(-0.5, 8.0)"
370,Este62,"(-1.0, 8.0)","(-1.0, 8.0)"
371,Este63,"(-1.5, 8.0)","(-1.5, 8.0)"
372,Este64,"(-2.0, 8.0)","(-2.0, 8.0)"
373,Este65,"(-2.5, 8.0)","(-2.5, 8.0)"
374,Este66,"(-3.0, 8.0)","(-3.0, 8.0)"
375,Este67,"(-3.5, 8.0)","(-3.5, 8.0)"
376,Este68,"(-4.0, 8.0)","(-4.0, 8.0)"
377,Este69,"(-4.5, 8.0)","(-4.5, 8.0)"
378,Este70,"(-5.0, 8.0)","(-5.0, 8.0)"
379,Este71,"(-5.5, 8.0)","(-5.5, 8.0)"
380,Este72,"(-6.0, 8.0)","(-6.0, 8.0)"
381,Este73,"(-6.5, 8.0)","(-6.5, 8.0)"
382,Este74,"(-7.0, 8.0)","(-7.0, 8.0)"
383,Este75,"(-7.5, 8.0)","(-7.5, 8.0)"
384,Este76,"(-8.0, 8.0)","(-8.0, 8.0)"
385,Este77,"(-8.5, 8.0)","(-8.5, 8.0)"
386,Este78,"(-9.0, 8.0)","(-9.0, 8.0)"
387,Este79,"(-9.5, 8.0)","(-9.5, 8.0)"
388,Este80,"(-0.0, 9.0)","(-0.0, 9.0)"
389,Este81,"(-0.5, 9.0)","(-0.5, 9.0)"
390,Este82,"(-1.0, 9.0)","(-1.0, 9.0)"
391,Este83,"(-1.5, 9.0)","(-1.5, 9.0)"
392,Este84,"(-2.0, 9.0)","(-2.0, 9.0)"
393,Este85,"(-2.5, 9.0)","(-2.5, 9.0)"
394,Este86,"(-3.0, 9.0)","(-3.0, 9.0)"
395,Este87,"(-3.5, 9.0)","(-3.5, 9.0)"
396,Este88,"(-4.0, 9.0)","(-4.0, 9.0)"
397,Este89,"(-4.5, 9.0)","(-4.5, 9.0)"
398,Este90,"(-5.0, 9.0)","(-5.0, 9.0)"
399,Este91,"(-5.5, 9.0)","(-5.5, 9.0)"
400,Este92,"(-6.0, 9.0)","(-6.0, 9.0)"
401,Este93,"(-6.5, 9.0)","(-6.5, 9.0)"
402,Este94,"(-7.0, 9.0)","(-7.0, 9.0)"
403,Este95,"(-7.5, 9.0)","(-7.5, 9.0)"
404,Este96,"(-8.0, 9.0)","(-8.0, 9.0)"
405,Este97,"(-8.5, 9.0)","(-8.5, 9.0)"
406,Este98,"(-9.0, 9.0)","(-9.0, 9.0)"
407,Este99,"(-9.5, 9.0)","(-9.5, 9.0)"
408,Oeste0,"(-0.0, -0.0)","(-0.0, -0.0)"
409,Oeste1,"(-0.5, -0.0)","(-0.5, -0.0)"
410,Oeste2,"(-1.0, -0.0)","(-1.0, -0.0)"
411,Oeste3,"(-1.5, -0.0)","(-1.5, -0.0)"
412,Oeste4,"(-2.0, -0.0)","(-2.0, -0.0)"
413,Oeste5,"(-2.5, -0.0)","(-2.5, -0.0)"
414,Oeste6,"(-3.0, -0.0)","(-3.0, -0.0)"
415,Oeste7,"(-3.5, -0.0)","(-3.5, -0.0)"
416,Oeste8,"(-4.0, -0.0)","(-4.0, -0.0)"
417,Oeste9,"(-4.5, -0.0)","(-4.5, -0.0)"
418,Oeste10,"(-5.0, -0.0)","(-5.0, -0.0)"
419,Oeste11,"(-5.5, -0.0)","(-5.5, -0.0)"
420,Oeste12,"(-6.0, -0.0)","(-6.0, -0.0)"
421,Oeste13,"(-6.5, -0.0)","(-6.5, -0.0)"
422,Oeste14,"(-7.0, -0.0)","(-7.0, -0.0)"
423,Oeste15,"(-7.5, -0.0)","(-7.5, -0.0)"
424,Oeste16,"(-8.0, -0.0)","(-8.0, -0.0)"
425,Oeste17,"(-8.5, -0.0)","(-8.5, -0.0)"
426,Oeste18,"(-9.0, -0.0)","(-9.0, -0.0)"
427,Oeste19,"(-9.5, -0.0)","(-9.5, -0.0)"
428,Oeste20,"(-0.0, -1.0)","(-0.0, -1.0)"
429,Oeste21,"(-0.5, -1.0)","(-0.5, -1.0)"
430,Oeste22,"(-1.0, -1.0)","(-1.0, -1.0)"
431,Oeste23,"(-1.5, -1.0)","(-1.5, -1.0)"
432,Oeste24,"(-2.0, -1.0)","(-2.0, -1.0)"
433,Oeste25,"(-2.5, -1.0)","(-2.5, -1.0)"
434,Oeste26,"(-3.0, -1.0)","(-3.0, -1.0)"
435,Oeste27,"(-3.5, -1.0)","(-3.5, -1.0)"
436,Oeste28,"(-4.0, -1.0)","(-4.0, -1.0)"
437,Oeste29,"(-4.5, -1.0)","(-4.5, -1.0)"
438,Oeste30,"(-5.0, -1.0)","(-5.0, -1.0)"
439,Oeste31,"(-5.5, -1.0)","(-5.5, -1.0)"
440,Oeste32,"(-6.0, -1.0)","(-6.0, -1.0)"
441,Oeste33,"(-6.5, -1.0)","(-6.5, -1.0)"
442,Oeste34,"(-7.0, -1.0)","(-7.0, -1.0)"
443,Oeste35,"(-7.5, -1.0)","(-7.5, -1.0)"
444,Oeste36,"(-8.0, -1.0)","(-8.0, -1.0)"
445,Oeste37,"(-8.5, -1.0)","(-8.5, -1.0)"
446,Oeste38,"(-9.0, -1.0)","(-9.0, -1.0)"
447,Oeste39,"(-9.5, -1.0)","(-9.5, -1.0)"
448,Oeste40,"(-0.0, -2.0)","(-0.0, -2.0)"
449,Oeste41,"(-0.5, -2.0)","(-0.5, -2.0)"
450,Oeste42,"(-1.0, -2.0)","(-1.0, -2.0)"
451,Oeste43,"(-1.5, -2.0)","(-1.5, -2.0)"
452,Oeste44,"(-2.0, -2.0)","(-2.0, -2.0)"
453,Oeste45,"(-2.5, -2.0)","(-2.5, -2.0)"
454,Oeste46,"(-3.0, -2.0)","(-3.0, -2.0)"
455,Oeste47,"(-3.5, -2.0)","(-3.5, -2.0)"
456,Oeste48,"(-4.0, -2.0)","(-4.0, -2.0)"
457,Oeste49,"(-4.5, -2.0)","(-4.5, -2.0)"
458,Oeste50,"(-5.0, -2.0)","(-5.0, -2.0)"
459,Oeste51,"(-5.5, -2.0)","(-5.5, -2.0)"
460,Oeste52,"(-6.0, -2.0)","(-6.0, -2.0)"
461,Oeste53,"(-6.5, -2.0)","(-6.5, -2.0)"
462,Oeste54,"(-7.0, -2.0)","(-7.0, -2.0)"
463,Oeste55,"(-7.5, -2.0)","(-7.5, -2.0)"
464,Oeste56,"(-8.0, -2.0)","(-8.0, -2.0)"
465,Oeste57,"(-8.5, -2.0)","(-8.5, -2.0)"
466,Oeste58,"(-9.0, -2.0)","(-9.0, -2.0)"
467,Oeste59,"(-9.5, -2.0)","(-9.5, -2.0)"
468,Oeste60,"(-0.0, -3.0)","(-0.0, -3.0)"
469,Oeste61,"(-0.5, -3.0)","(-0.5, -3.0)"
470,Oeste62,"(-1.0, -3.0)","(-1.0, -3.0)"
471,Oeste63,"(-1.5, -3.0)","(-1.5, -3.0)"
472,Oeste64,"(-2.0, -3.0)","(-2.0, -3.0)"
473,Oeste65,"(-2.5, -3.0)","(-2.5, -3.0)"
474,Oeste66,"(-3.0, -3.0)","(-3.0, -3.0)"
475,Oeste67,"(-3.5, -3.0)","(-3.5, -3.0)"
476,Oeste68,"(-4.0, -3.0)","(-4.0, -3.0)"
477,Oeste69,"(-4.5, -3.0)","(-4.5, -3.0)"
478,Oeste70,"(-5.0, -3.0)","(-5.0, -3.0)"
479,Oeste71,"(-5.5, -3.0)","(-5.5, -3.0)"
480,Oeste72,"(-6.0, -3.0)","(-6.0, -3.0)"
481,Oeste73,"(-6.5, -3.0)","(-6.5, -3.0)"
482,Oeste74,"(-7.0, -3.0)","(-7.0, -3.0)"
483,Oeste75,"(-7.5, -3.0)","(-7.5, -3.0)"
484,Oeste76,"(-8.0, -3.0)","(-8.0, -3.0)"
485,Oeste77,"(-8.5, -3.0)","(-8.5, -3.0)"
486,Oeste78,"(-9.0, -3.0)","(-9.0, -3.0)"
487,Oeste79,"(-9.5, -3.0)","(-9.5, -3.0)"
488,Oeste80,"(-0.0, -4.0)","(-0.0, -4.0)"
489,Oeste81,"(-0.5, -4.0)","(-0.5, -4.0)"
490,Oeste82,"(-1.0, -4.0)","(-1.0, -4.0)"
491,Oeste83,"(-1.5, -4.0)","(-1.5, -4.0)"
492,Oeste84,"(-2.0, -4.0)","(-2.0, -4.0)"
493,Oeste85,"(-2.5, -4.0)","(-2.5, -4.0)"
494,Oeste86,"(-3.0, -4.0)","(-3.0, -4.0)"
495,Oeste87,"(-3.5, -4.0)","(-3.5, -4.0)"
496,Oeste88,"(-4.0, -4.0)","(-4.0, -4.0)"
497,Oeste89,"(-4.5, -4.0)","(-4.5, -4.0)"
498,Oeste90,"(-5.0, -4.0)","(-5.0, -4.0)"
499,Oeste91,"(-5.5, -4.0)","(-5.5, -4.0)"
500,Oeste92,"(-6.0, -4.0)","(-6.0, -4.0)"
501,Oeste93,"(-6.5, -4.0)","(-6.5, -4.0)"
502,Oeste94,"(-7.0, -4.0)","(-7.0, -4.0)"
503,Oeste95,"(-7.5, -4.0)","(-7.5, -4.0)"
504,Oeste96,"(-8.0, -4.0)","(-8.0, -4.0)"
505,Oeste97,"(-8.5, -4.0)","(-8.5, -4.0)"
506,Oeste98,"(-9.0, -4.0)","(-9.0, -4.0)"
507,Oeste99,"(-9.5, -4.0)","(-9.5, -4.0)"
508,Plaza0,"(-0.0, -5.0)","(-0.0, -5.0)"
509,Plaza1,"(-0.5, -5.0)","(-0.5, -5.0)"
510,Plaza2,"(-1.0, -5.0)","(-1.0, -5.0)"
511,Plaza3,"(-1.5, -5.0)","(-1.5, -5.0)"
512,Plaza4,"(-2.0, -5.0)","(-2.0, -5.0)"
513,Plaza5,"(-2.5, -5.0)","(-2.5, -5.0)"
514,Plaza6,"(-3.0, -5.0)","(-3.0, -5.0)"
515,Plaza7,"(-3.5, -5.0)","(-3.5, -5.0)"
516,Plaza8,"(-4.0, -5.0)","(-4.0, -5.0)"
517,Plaza9,"(-4.5, -5.0)","(-4.5, -5.0)"
518,Plaza10,"(-5.0, -5.0)","(-5.0, -5.0)"
519,Plaza11,"(-5.5, -5.0)","(-5.5, -5.0)"
520,Plaza12,"(-6.0, -5.0)","(-6.0, -5.0)"
521,Plaza13,"(-6.5, -5.0)","(-6.5, -5.0)"
522,Plaza14,"(-7.0, -5.0)","(-7.0, -5.0)"
523,Plaza15,"(-7.5, -5.0)","(-7.5, -5.0)"
524,Plaza16,"(-8.0, -5.0)","(-8.0, -5.0)"
525,Plaza17,"(-8.5, -5.0)","(-8.5, -5.0)"
526,Plaza18,"(-9.0, -5.0)","(-9.0, -5.0)"
527,Plaza19,"(-9.5, -5.0)","(-9.5, -5.0)"
528,Plaza20,"(-0.0, -6.0)","(-0.0, -6.0)"
529,Plaza21,"(-0.5, -6.0)","(-0.5, -6.0)"
530,Plaza22,"(-1.0, -6.0)","(-1.0, -6.0)"
531,Plaza23,"(-1.5, -6.0)","(-1.5, -6.0)"
532,Plaza24,"(-2.0, -6.0)","(-2.0, -6.0)"
533,Plaza25,"(-2.5, -6.0)","(-2.5, -6.0)"
534,Plaza26,"(-3.0, -6.0)","(-3.0, -6.0)"
535,Plaza27,"(-3.5, -6.0)","(-3.5, -6.0)"
536,Plaza28,"(-4.0, -6.0)","(-4.0, -6.0)"
537,Plaza29,"(-4.5, -6.0)","(-4.5, -6.0)"
538,Plaza30,"(-5.0, -6.0)","(-5.0, -6.0)"
539,Plaza31,"(-5.5, -6.0)","(-5.5, -6.0)"
540,Plaza32,"(-6.0, -6.0)","(-6.0, -6.0)"
541,Plaza33,"(-6.5, -6.0)","(-6.5, -6.0)"
542,Plaza34,"(-7.0, -6.0)","(-7.0, -6.0)"
543,Plaza35,"(-7.5, -6.0)","(-7.5, -6.0)"
544,Plaza36,"(-8.0, -6.0)","(-8.0, -6.0)"
545,Plaza37,"(-8.5, -6.0)","(-8.5, -6.0)"
546,Plaza38,"(-9.0, -6.0)","(-9.0, -6.0)"
547,Plaza39,"(-9.5, -6.0)","(-9.5, -6.0)"
548,Plaza40,"(-0.0, -7.0)","(-0.0, -7.0)"
549,Plaza41,"(-0.5, -7.0)","(-0.5, -7.0)"
550,Plaza42,"(-1.0, -7.0)","(-1.0, -7.0)"
551,Plaza43,"(-1.5, -7.0)","(-1.5, -7.0)"
552,Plaza44,"(-2.0, -7.0)","(-2.0, -7.0)"
553,Plaza45,"(-2.5, -7.0)","(-2.5, -7.0)"
554,Plaza46,"(-3.0, -7.0)","(-3.0, -7.0)"
555,Plaza47,"(-3.5, -7.0)","(-3.5, -7.0)"
556,Plaza48,"(-4.0, -7.0)","(-4.0, -7.0)"
557,Plaza49,"(-4.5, -7.0)","(-4.5, -7.0)"
558,Plaza50,"(-5.0, -7.0)","(-5.0, -7.0)"
559,Plaza51,"(-5.5, -7.0)","(-5.5, -7.0)"
560,Plaza52,"(-6.0, -7.0)","(-6.0, -7.0)"
561,Plaza53,"(-6.5, -7.0)","(-6.5, -7.0)"
562,Plaza54,"(-7.0, -7.0)","(-7.0, -7.0)"
563,Plaza55,"(-7.5, -7.0)","(-7.5, -7.0)"
564,Plaza56,"(-8.0, -7.0)","(-8.0, -7.0)"
565,Plaza57,"(-8.5, -7.0)","(-8.5, -7.0)"
566,Plaza58,"(-9.0, -7.0)","(-9.0, -7.0)"
567,Plaza59,"(-9.5, -7.0)","(-9.5, -7.0)"
568,Plaza60,"(-0.0, -8.0)","(-0.0, -8.0)"
569,Plaza61,"(-0.5, -8.0)","(-0.5, -8.0)"
570,Plaza62,"(-1.0, -8.0)","(-1.0, -8.0)"
571,Plaza63,"(-1.5, -8.0)","(-1.5, -8.0)"
572,Plaza64,"(-2.0, -8.0)","(-2.0, -8.0)"
573,Plaza65,"(-2.5, -8.0)","(-2.5, -8.0)"
574,Plaza66,"(-3.0, -8.0)","(-3.0, -8.0)"
575,Plaza67,"(-3.5, -8.0)","(-3.5, -8.0)"
576,Plaza68,"(-4.0, -8.0)","(-4.0, -8.0)"
577,Plaza69,"(-4.5, -8.0)","(-4.5, -8.0)"
578,Plaza70,"(-5.0, -8.0)","(-5.0, -8.0)"
579,Plaza71,"(-5.5, -8.0)","(-5.5, -8.0)"
580,Plaza72,"(-6.0, -8.0)","(-6.0, -8.0)"
581,Plaza73,"(-6.5, -8.0)","(-6.5, -8.0)"
582,Plaza74,"(-7.0, -8.0)","(-7.0, -8.0)"
583,Plaza75,"(-7.5, -8.0)","(-7.5, -8.0)"
584,Plaza76,"(-8.0, -8.0)","(-8.0, -8.0)"
585,Plaza77,"(-8.5, -8.0)","(-8.5, -8.0)"
586,Plaza78,"(-9.0, -8.0)","(-9.0, -8.0)"
587,Plaza79,"(-9.5, -8.0)","(-9.5, -8.0)"
588,Plaza80,"(-0.0, -9.0)","(-0.0, -9.0)"
589,Plaza81,"(-0.5, -9.0)","(-0.5, -9.0)"
590,Plaza82,"(-1.0, -9.0)","(-1.0, -9.0)"
591,Plaza83,"(-1.5, -9.0)","(-1.5, -9.0)"
592,Plaza84,"(-2.0, -9.0)","(-2.0, -9.0)"
593,Plaza85,"(-2.5, -9.0)","(-2.5, -9.0)"
594,Plaza86,"(-3.0, -9.0)","(-3.0, -9.0)"
595,Plaza87,"(-3.5, -9.0)","(-3.5, -9.0)"
596,Plaza88,"(-4.0, -9.0)","(-4.0, -9.0)"
597,Plaza89,"(-4.5, -9.0)","(-4.5, -9.0)"
598,Plaza90,"(-5.0, -9.0)","(-5.0, -9.0)"
599,Plaza91,"(-5.5, -9.0)","(-5.5, -9.0)"
600,Plaza92,"(-6.0, -9.0)","(-6.0, -9.0)"
601,Plaza93,"(-6.5, -9.0)","(-6.5, -9.0)"
602,Plaza94,"(-7.0, -9.0)","(-7.0, -9.0)"
603,Plaza95,"(-7.5, -9.0)","(-7.5, -9.0)"
604,Plaza96,"(-8.0, -9.0)","(-8.0, -9.0)"
605,Plaza97,"(-8.5, -9.0)","(-8.5, -9.0)"
606,Plaza98,"(-9.0, -9.0)","(-9.0, -9.0)"
607,Plaza99,"(-9.5, -9.0)","(-9.5, -9.0)"
608,Parque0,"(0.0, -0.0)","(0.0, -0.0)"
609,Parque1,"(0.5, -0.0)","(0.5, -0.0)"
610,Parque2,"(1.0, -0.0)","(1.0, -0.0)"
611,Parque3,"(1.5, -0.0)","(1.5, -0.0)"
612,Parque4,"(2.0, -0.0)","(2.0, -0.0)"
613,Parque5,"(2.5, -0.0)","(2.5, -0.0)"
614,Parque6,"(3.0, -0.0)","(3.0, -0.0)"
615,Parque7,"(3.5, -0.0)","(3.5, -0.0)"
616,Parque8,"(4.0, -0.0)","(4.0, -0.0)"
617,Parque9,"(4.5, -0.0)","(4.5, -0.0)"
618,Parque10,"(5.0, -0.0)","(5.0, -0.0)"
619,Parque11,"(5.5, -0.0)","(5.5, -0.0)"
620,Parque12,"(6.0, -0.0)","(6.0, -0.0)"
621,Parque13,"(6.5, -0.0)","(6.5, -0.0)"
622,Parque14,"(7.0, -0.0)","(7.0, -0.0)"
623,Parque15,"(7.5, -0.0)","(7.5, -0.0)"
624,Parque16,"(8.0, -0.0)","(8.0, -0.0)"
625,Parque17,"(8.5, -0.0)","(8.5, -0.0)"
626,Parque18,"(9.0, -0.0)","(9.0, -0.0)"
627,Parque19,"(9.5, -0.0)","(9.5, -0.0)"
628,Parque20,"(0.0, -1.0)","(0.0, -1.0)"
629,Parque21,"(0.5, -1.0)","(0.5, -1.0)"
630,Parque22,"(1.0, -1.0)","(1.0, -1.0)"
631,Parque23,"(1.5, -1.0)","(1.5, -1.0)"
632,Parque24,"(2.0, -1.0)","(2.0, -1.0)"
633,Parque25,"(2.5, -1.0)","(2.5, -1.0)"
634,Parque26,"(3.0, -1.0)","(3.0, -1.0)"
635,Parque27,"(3.5, -1.0)","(3.5, -1.0)"
636,Parque28,"(4.0, -1.0)","(4.0, -1.0)"
637,Parque29,"(4.5, -1.0)","(4.5, -1.0)"
638,Parque30,"(5.0, -1.0)","(5.0, -1.0)"
639,Parque31,"(5.5, -1.0)","(5.5, -1.0)"
640,Parque32,"(6.0, -1.0)","(6.0, -1.0)"
641,Parque33,"(6.5, -1.0)","(6.5, -1.0)"
642,Parque34,"(7.0, -1.0)","(7.0, -1.0)"
643,Parque35,"(7.5, -1.0)","(7.5, -1.0)"
644,Parque36,"(8.0, -1.0)","(8.0, -1.0)"
645,Parque37,"(8.5, -1.0)","(8.5, -1.0)"
646,Parque38,"(9.0, -1.0)","(9.0, -1.0)"
647,Parque39,"(9.5, -1.0)","(9.5, -1.0)"
648,Parque40,"(0.0, -2.0)","(0.0, -2.0)"
649,Parque41,"(0.5, -2.0)","(0.5, -2.0)"
650,Parque42,"(1.0, -2.0)","(1.0, -2.0)"
651,Parque43,"(1.5, -2.0)","(1.5, -2.0)"
652,Parque44,"(2.0, -2.0)","(2.0, -2.0)"
653,Parque45,"(2.5, -2.0)","(2.5, -2.0)"
654,Parque46,"(3.0, -2.0)","(3.0, -2.0)"
655,Parque47,"(3.5, -2.0)","(3.5, -2.0)"
656,Parque48,"(4.0, -2.0)","(4.0, -2.0)"
657,Parque49,"(4.5, -2.0)","(4.5, -2.0)"
658,Parque50,"(5.0, -2.0)","(5.0, -2.0)"
659,Parque51,"(5.5, -2.0)","(5.5, -2.0)"
660,Parque52,"(6.0, -2.0)","(6.0, -2.0)"
661,Parque53,"(6.5, -2.0)","(6.5, -2.0)"
662,Parque54,"(7.0, -2.0)","(7.0, -2.0)"
663,Parque55,"(7.5, -2.0)","(7.5, -2.0)"
664,Parque56,"(8.0, -2.0)","(8.0, -2.0)"
665,Parque57,"(8.5, -2.0)","(8.5, -2.0)"
666,Parque58,"(9.0, -2.0)","(9.0, -2.0)"
667,Parque59,"(9.5, -2.0)","(9.5, -2.0)"
668,Parque60,"(0.0, -3.0)","(0.0, -3.0)"
669,Parque61,"(0.5, -3.0)","(0.5, -3.0)"
670,Parque62,"(1.0, -3.0)","(1.0, -3.0)"
671,Parque63,"(1.5, -3.0)","(1.5, -3.0)"
672,Parque64,"(2.0, -3.0)","(2.0, -3.0)"
673,Parque65,"(2.5, -3.0)","(2.5, -3.0)"
674,Parque66,"(3.0, -3.0)","(3.0, -3.0)"
675,Parque67,"(3.5, -3.0)","(3.5, -3.0)"
676,Parque68,"(4.0, -3.0)","(4.0, -3.0)"
677,Parque69,"(4.5, -3.0)","(4.5, -3.0)"
678,Parque70,"(5.0, -3.0)","(5.0, -3.0)"
679,Parque71,"(5.5, -3.0)","(5.5, -3.0)"
680,Parque72,"(6.0, -3.0)","(6.0, -3.0)"
681,Parque73,"(6.5, -3.0)","(6.5, -3.0)"
682,Parque74,"(7.0, -3.0)","(7.0, -3.0)"
683,Parque75,"(7.5, -3.0)","(7.5, -3.0)"
684,Parque76,"(8.0, -3.0)","(8.0, -3.0)"
685,Parque77,"(8.5, -3.0)","(8.5, -3.0)"
686,Parque78,"(9.0, -3.0)","(9.0, -3.0)"
687,Parque79,"(9.5, -3.0)","(9.5, -3.0)"
688,Parque80,"(0.0, -4.0)","(0.0, -4.0)"
689,Parque81,"(0.5, -4.0)","(0.5, -4.0)"
690,Parque82,"(1.0, -4.0)","(1.0, -4.0)"
691,Parque83,"(1.5, -4.0)","(1.5, -4.0)"
692,Parque84,"(2.0, -4.0)","(2.0, -4.0)"
693,Parque85,"(2.5, -4.0)","(2.5, -4.0)"
694,Parque86,"(3.0, -4.0)","(3.0, -4.0)"
695,Parque87,"(3.5, -4.0)","(3.5, -4.0)"
696,Parque88,"(4.0, -4.0)","(4.0, -4.0)"
697,Parque89,"(4.5, -4.0)","(4.5, -4.0)"
698,Parque90,"(5.0, -4.0)","(5.0, -4.0)"
699,Parque91,"(5.5, -4.0)","(5.5, -4.0)"
700,Parque92,"(6.0, -4.0)","(6.0, -4.0)"
701,Parque93,"(6.5, -4.0)","(6.5, -4.0)"
702,Parque94,"(7.0, -4.0)","(7.0, -4.0)"
703,Parque95,"(7.5, -4.0)","(7.5, -4.0)"
704,Parque96,"(8.0, -4.0)","(8.0, -4.0)"
705,Parque97,"(8.5, -4.0)","(8.5, -4.0)"
706,Parque98,"(9.0, -4.0)","(9.0, -4.0)"
707,Parque99,"(9.5, -4.0)","(9.5, -4.0)"
708,Zone0,"(0.0, -5.0)","(0.0, -5.0)"
709,Zone1,"(0.5, -5.0)","(0.5, -5.0)"
710,Zone2,"(1.0, -5.0)","(1.0, -5.0)"
711,Zone3,"(1.5, -5.0)","(1.5, -5.0)"
712,Zone4,"(2.0, -5.0)","(2.0, -5.0)"
713,Zone5,"(2.5, -5.0)","(2.5, -5.0)"
714,Zone6,"(3.0, -5.0)","(3.0, -5.0)"
715,Zone7,"(3.5, -5.0)","(3.5, -5.0)"
716,Zone8,"(4.0, -5.0)","(4.0, -5.0)"
717,Zone9,"(4.5, -5.0)","(4.5, -5.0)"
718,Zone10,"(5.0, -5.0)","(5.0, -5.0)"
719,Zone11,"(5.5, -5.0)","(5.5, -5.0)"
720,Zone12,"(6.0, -5.0)","(6.0, -5.0)"
721,Zone13,"(6.5, -5.0)","(6.5, -5.0)"
722,Zone14,"(7.0, -5.0)","(7.0, -5.0)"
723,Zone15,"(7.5, -5.0)","(7.5, -5.0)"
724,Zone16,"(8.0, -5.0)","(8.0, -5.0)"
725,Zone17,"(8.5, -5.0)","(8.5, -5.0)"
726,Zone18,"(9.0, -5.0)","(9.0, -5.0)"
727,Zone19,"(9.5, -5.0)","(9.5, -5.0)"
728,Zone20,"(0.0, -6.0)","(0.0, -6.0)"
729,Zone21,"(0.5, -6.0)","(0.5, -6.0)"
730,Zone22,"(1.0, -6.0)","(1.0, -6.0)"
731,Zone23,"(1.5, -6.0)","(1.5, -6.0)"
732,Zone24,"(2.0, -6.0)","(2.0, -6.0)"
733,Zone25,"(2.5, -6.0)","(2.5, -6.0)"
734,Zone26,"(3.0, -6.0)","(3.0, -6.0)"
735,Zone27,"(3.5, -6.0)","(3.5, -6.0)"
736,Zone28,"(4.0, -6.0)","(4.0, -6.0)"
737,Zone29,"(4.5, -6.0)","(4.5, -6.0)"
738,Zone30,"(5.0, -6.0)","(5.0, -6.0)"
739,Zone31,"(5.5, -6.0)","(5.5, -6.0)"
740,Zone32,"(6.0, -6.0)","(6.0, -6.0)"
741,Zone33,"(6.5, -6.0)","(6.5, -6.0)"
742,Zone34,"(7.0, -6.0)","(7.0, -6.0)"
743,Zone35,"(7.5, -6.0)","(7.5, -6.0)"
744,Zone36,"(8.0, -6.0)","(8.0, -6.0)"
745,Zone37,"(8.5, -6.0)","(8.5, -6.0)"
746,Zone38,"(9.0, -6.0)","(9.0, -6.0)"
747,Zone39,"(9.5, -6.0)","(9.5, -6.0)"
748,Zone40,"(0.0, -7.0)","(0.0, -7.0)"
749,Zone41,"(0.5, -7.0)","(0.5, -7.0)"
750,Zone42,"(1.0, -7.0)","(1.0, -7.0)"
751,Zone43,"(1.5, -7.0)","(1.5, -7.0)"
752,Zone44,"(2.0, -7.0)","(2.0, -7.0)"
753,Zone45,"(2.5, -7.0)","(2.5, -7.0)"
754,Zone46,"(3.0, -7.0)","(3.0, -7.0)"
755,Zone47,"(3.5, -7.0)","(3.5, -7.0)"
756,Zone48,"(4.0, -7.0)","(4.0, -7.0)"
757,Zone49,"(4.5, -7.0)","(4.5, -7.0)"
758,Zone50,"(5.0, -7.0)","(5.0, -7.0)"
759,Zone51,"(5.5, -7.0)","(5.5, -7.0)"
760,Zone52,"(6.0, -7.0)","(6.0, -7.0)"
761,Zone53,"(6.5, -7.0)","(6.5, -7.0)"
762,Zone54,"(7.0, -7.0)","(7.0, -7.0)"
763,Zone55,"(7.5, -7.0)","(7.5, -7.0)"
764,Zone56,"(8.0, -7.0)","(8.0, -7.0)"
765,Zone57,"(8.5, -7.0)","(8.5, -7.0)"
766,Zone58,"(9.0, -7.0)","(9.0, -7.0)"
767,Zone59,"(9.5, -7.0)","(9.5, -7.0)"
768,Zone60,"(0.0, -8.0)","(0.0, -8.0)"
769,Zone61,"(0.5, -8.0)","(0.5, -8.0)"
770,Zone62,"(1.0, -8.0)","(1.0, -8.0)"
771,Zone63,"(1.5, -8.0)","(1.5, -8.0)"
772,Zone64,"(2.0, -8.0)","(2.0, -8.0)"
773,Zone65,"(2.5, -8.0)","(2.5, -8.0)"
774,Zone66,"(3.0, -8.0)","(3.0, -8.0)"
775,Zone67,"(3.5, -8.0)","(3.5, -8.0)"
776,Zone68,"(4.0, -8.0)","(4.0, -8.0)"
777,Zone69,"(4.5, -8.0)","(4.5, -8.0)"
778,Zone70,"(5.0, -8.0)","(5.0, -8.0)"
779,Zone71,"(5.5, -8.0)","(5.5, -8.0)"
780,Zone72,"(6.0, -8.0)","(6.0, -8.0)"
781,Zone73,"(6.5, -8.0)","(6.5, -8.0)"
782,Zone74,"(7.0, -8.0)","(7.0, -8.0)"
783,Zone75,"(7.5, -8.0)","(7.5, -8.0)"
784,Zone76,"(8.0, -8.0)","(8.0, -8.0)"
785,Zone77,"(8.5, -8.0)","(8.5, -8.0)"
786,Zone78,"(9.0, -8.0)","(9.0, -8.0)"
787,Zone79,"(9.5, -8.0)","(9.5, -8.0)"
788,Zone80,"(0.0, -9.0)","(0.0, -9.0)"
789,Zone81,"(0.5, -9.0)","(0.5, -9.0)"
790,Zone82,"(1.0, -9.0)","(1.0, -9.0)"
791,Zone83,"(1.5, -9.0)","(1.5, -9.0)"
792,Zone84,"(2.0, -9.0)","(2.0, -9.0)"
793,Zone85,"(2.5, -9.0)","(2.5, -9.0)"
794,Zone86,"(3.0, -9.0)","(3.0, -9.0)"
795,Zone87,"(3.5, -9.0)","(3.5, -9.0)"
796,Zone88,"(4.0, -9.0)","(4.0, -9.0)"
797,Zone89,"(4.5, -9.0)","(4.5, -9.0)"
798,Zone90,"(5.0, -9.0)","(5.0, -9.0)"
799,Zone91,"(5.5, -9.0)","(5.5, -9.0)"
800,Zone92,"(6.0, -9.0)","(6.0, -9.0)"
801,Zone93,"(6.5, -9.0)","(6.5, -9.0)"
802,Zone94,"(7.0, -9.0)","(7.0, -9.0)"
803,Zone95,"(7.5, -9.0)","(7.5, -9.0)"
804,Zone96,"(8.0, -9.0)","(8.0, -9.0)"
805,Zone97,"(8.5, -9.0)","(8.5, -9.0)"
806,Zone98,"(9.0, -9.0)","(9.0, -9.0)"
807,Zone99,"(9.5, -9.0)","(9.5, -9.0)"
808,Area0,"(0.0, 0.0)","(0.0, 0.0)"
809,Area1,"(0.1, 0.0)","(0.1, 0.0)"
810,Area2,"(0.2, 0.01)","(0.2, 0.01)"
811,Area3,"(0.3, 0.03)","(0.3, 0.03)"
812,Area4,"(0.4, 0.05)","(0.4, 0.05)"
813,Area5,"(0.49, 0.08)","(0.49, 0.08)"
814,Area6,"(0.59, 0.11)","(0.59, 0.11)"
815,Area7,"(0.68, 0.15)","(0.68, 0.15)"
816,Area8,"(0.77, 0.2)","(0.77, 0.2)"
817,Area9,"(0.86, 0.25)","(0.86, 0.25)"
818,Area10,"(0.95, 0.31)","(0.95, 0.31)"
819,Area11,"(1.03, 0.37)","(1.03, 0.37)"
820,Area12,"(1.12, 0.44)","(1.12, 0.44)"
821,Area13,"(1.19, 0.52)","(1.19, 0.52)"
822,Area14,"(1.27, 0.6)","(1.27, 0.6)"
823,Area15,"(1.34, 0.68)","(1.34, 0.68)"
824,Area16,"(1.4, 0.77)","(1.4, 0.77)"
825,Area17,"(1.46, 0.87)","(1.46, 0.87)"
826,Area18,"(1.52, 0.96)","(1.52, 0.96)"
827,Area19,"(1.57, 1.07)","(1.57, 1.07)"
828,Area20,"(0.0, 0.0)","(0.0, 0.0)"
829,Area21,"(0.08, 0.06)","(0.08, 0.06)"
830,Area22,"(0.15, 0.13)","(0.15, 0.13)"
831,Area23,"(0.23, 0.2)","(0.23, 0.2)"
832,Area24,"(0.29, 0.27)","(0.29, 0.27)"
833,Area25,"(0.35, 0.35)","(0.35, 0.35)"
834,Area26,"(0.41, 0.44)","(0.41, 0.44)"
835,Area27,"(0.46, 0.53)","(0.46, 0.53)"
836,Area28,"(0.51, 0.62)","(0.51, 0.62)"
837,Area29,"(0.55, 0.71)","(0.55, 0.71)"
838,Area30,"(0.59, 0.81)","(0.59, 0.81)"
839,Area31,"(0.62, 0.91)","(0.62, 0.91)"
840,Area32,"(0.64, 1.01)","(0.64, 1.01)"
841,Area33,"(0.66, 1.12)","(0.66, 1.12)"
842,Area34,"(0.67, 1.23)","(0.67, 1.23)"
843,Area35,"(0.68, 1.34)","(0.68, 1.34)"
844,Area36,"(0.68, 1.45)","(0.68, 1.45)"
845,Area37,"(0.68, 1.56)","(0.68, 1.56)"
846,Area38,"(0.66, 1.67)","(0.66, 1.67)"
847,Area39,"(0.64, 1.79)","(0.64, 1.79)"
848,Area40,"(0.0, 0.0)","(0.0, 0.0)"
849,Area41,"(0.03, 0.1)","(0.03, 0.1)"
850,Area42,"(0.05, 0.19)","(0.05, 0.19)"
851,Area43,"(0.07, 0.29)","(0.07, 0.29)"
852,Area44,"(0.07, 0.39)","(0.07, 0.39)"
853,Area45,"(0.08, 0.49)","(0.08, 0.49)"
854,Area46,"(0.08, 0.6)","(0.08, 0.6)"
855,Area47,"(0.07, 0.7)","(0.07, 0.7)"
856,Area48,"(0.05, 0.8)","(0.05, 0.8)"
857,Area49,"(0.03, 0.9)","(0.03, 0.9)"
858,Area50,"(0.0, 1.0)","(0.0, 1.0)"
859,Area51,"(-0.03, 1.1)","(-0.03, 1.1)"
860,Area52,"(-0.08, 1.2)","(-0.08, 1.2)"
861,Area53,"(-0.12, 1.29)","(-0.12, 1.29)"
862,Area54,"(-0.18, 1.39)","(-0.18, 1.39)"
863,Area55,"(-0.23, 1.48)","(-0.23, 1.48)"
864,Area56,"(-0.3, 1.57)","(-0.3, 1.57)"
865,Area57,"(-0.37, 1.66)","(-0.37, 1.66)"
866,Area58,"(-0.45, 1.74)","(-0.45, 1.74)"
867,Area59,"(-0.53, 1.82)","(-0.53, 1.82)"
868,Area60,"(-0.0, 0.0)","(-0.0, 0.0)"
869,Area61,"(-0.03, 0.09)","(-0.03, 0.09)"
870,Area62,"(-0.07, 0.19)","(-0.07, 0.19)"
871,Area63,"(-0.12, 0.28)","(-0.12, 0.28)"
872,Area64,"(-0.17, 0.36)","(-0.17, 0.36)"
873,Area65,"(-0.23, 0.45)","(-0.23, 0.45)"
874,Area66,"(-0.29, 0.53)","(-0.29, 0.53)"
875,Area67,"(-0.36, 0.6)","(-0.36, 0.6)"
876,Area68,"(-0.43, 0.68)","(-0.43, 0.68)"
877,Area69,"(-0.51, 0.74)","(-0.51, 0.74)"
878,Area70,"(-0.59, 0.81)","(-0.59, 0.81)"
879,Area71,"(-0.67, 0.87)","(-0.67, 0.87)"
880,Area72,"(-0.76, 0.92)","(-0.76, 0.92)"
881,Area73,"(-0.86, 0.98)","(-0.86, 0.98)"
882,Area74,"(-0.96, 1.02)","(-0.96, 1.02)"
883,Area75,"(-1.06, 1.06)","(-1.06, 1.06)"
884,Area76,"(-1.17, 1.1)","(-1.17, 1.1)"
885,Area77,"(-1.28, 1.12)","(-1.28, 1.12)"
886,Area78,"(-1.39, 1.15)","(-1.39, 1.15)"
887,Area79,"(-1.5, 1.16)","(-1.5, 1.16)"
888,Area80,"(-0.0, 0.0)","(-0.0, 0.0)"
889,Area81,"(-0.08, 0.06)","(-0.08, 0.06)"
890,Area82,"(-0.17, 0.11)","(-0.17, 0.11)"
891,Area83,"(-0.26, 0.15)","(-0.26, 0.15)"
892,Area84,"(-0.35, 0.19)","(-0.35, 0.19)"
893,Area85,"(-0.45, 0.23)","(-0.45, 0.23)"
894,Area86,"(-0.54, 0.26)","(-0.54, 0.26)"
895,Area87,"(-0.64, 0.28)","(-0.64, 0.28)"
896,Area88,"(-0.74, 0.29)","(-0.74, 0.29)"
897,Area89,"(-0.85, 0.3)","(-0.85, 0.3)"
898,Area90,"(-0.95, 0.31)","(-0.95, 0.31)"
899,Area91,"(-1.06, 0.31)","(-1.06, 0.31)"
900,Area92,"(-1.16, 0.3)","(-1.16, 0.3)"
901,Area93,"(-1.27, 0.28)","(-1.27, 0.28)"
902,Area94,"(-1.38, 0.26)","(-1.38, 0.26)"
903,Area95,"(-1.48, 0.23)","(-1.48, 0.23)"
904,Area96,"(-1.59, 0.2)","(-1.59, 0.2)"
905,Area97,"(-1.69, 0.16)","(-1.69, 0.16)"
906,Area98,"(-1.8, 0.11)","(-1.8, 0.11)"
907,Area99,"(-1.9, 0.06)","(-1.9, 0.06)"
908,Punto0,"(-0.0, 0.0)","(-0.0, 0.0)"
909,Punto1,"(-0.1, -0.0)","(-0.1, -0.0)"
910,Punto2,"(-0.2, -0.01)","(-0.2, -0.01)"
911,Punto3,"(-0.3, -0.03)","(-0.3, -0.03)"
912,Punto4,"(-0.4, -0.05)","(-0.4, -0.05)"
913,Punto5,"(-0.49, -0.08)","(-0.49, -0.08)"
914,Punto6,"(-0.59, -0.11)","(-0.59, -0.11)"
915,Punto7,"(-0.68, -0.15)","(-0.68, -0.15)"
916,Punto8,"(-0.77, -0.2)","(-0.77, -0.2)"
917,Punto9,"(-0.86, -0.25)","(-0.86, -0.25)"
918,Punto10,"(-0.95, -0.31)","(-0.95, -0.31)"
919,Punto11,"(-1.03, -0.37)","(-1.03, -0.37)"
920,Punto12,"(-1.12, -0.44)","(-1.12, -0.44)"
921,Punto13,"(-1.19, -0.52)","(-1.19, -0.52)"
922,Punto14,"(-1.27, -0.6)","(-1.27, -0.6)"
923,Punto15,"(-1.34, -0.68)","(-1.34, -0.68)"
924,Punto16,"(-1.4, -0.77)","(-1.4, -0.77)"
925,Punto17,"(-1.46, -0.87)","(-1.46, -0.87)"
926,Punto18,"(-1.52, -0.96)","(-1.52, -0.96)"
927,Punto19,"(-1.57, -1.07)","(-1.57, -1.07)"
928,Punto20,"(-0.0, -0.0)","(-0.0, -0.0)"
929,Punto21,"(-0.08, -0.06)","(-0.08, -0.06)"
930,Punto22,"(-0.15, -0.13)","(-0.15, -0.13)"
931,Punto23,"(-0.23, -0.2)","(-0.23, -0.2)"
932,Punto24,"(-0.29, -0.27)","(-0.29, -0.27)"
933,Punto25,"(-0.35, -0.35)","(-0.35, -0.35)"
934,Punto26,"(-0.41, -0.44)","(-0.41, -0.44)"
935,Punto27,"(-0.46, -0.53)","(-0.46, -0.53)"
936,Punto28,"(-0.51, -0.62)","(-0.51, -0.62)"
937,Punto29,"(-0.55, -0.71)","(-0.55, -0.71)"
938,Punto30,"(-0.59, -0.81)","(-0.59, -0.81)"
939,Punto31,"(-0.62, -0.91)","(-0.62, -0.91)"
940,Punto32,"(-0.64, -1.01)","(-0.64, -1.01)"
941,Punto33,"(-0.66, -1.12)","(-0.66, -1.12)"
942,Punto34,"(-0.67, -1.23)","(-0.67, -1.23)"
943,Punto35,"(-0.68, -1.34)","(-0.68, -1.34)"
944,Punto36,"(-0.68, -1.45)","(-0.68, -1.45)"
945,Punto37,"(-0.68, -1.56)","(-0.68, -1.56)"
946,Punto38,"(-0.66, -1.67)","(-0.66, -1.67)"
947,Punto39,"(-0.64, -1.79)","(-0.64, -1.79)"
948,Punto40,"(-0.0, -0.0)","(-0.0, -0.0)"
949,Punto41,"(-0.03, -0.1)","(-0.03, -0.1)"
950,Punto42,"(-0.05, -0.19)","(-0.05, -0.19)"
951,Punto43,"(-0.07, -0.29)","(-0.07, -0.29)"
952,Punto44,"(-0.07, -0.39)","(-0.07, -0.39)"
953,Punto45,"(-0.08, -0.49)","(-0.08, -0.49)"
954,Punto46,"(-0.08, -0.6)","(-0.08, -0.6)"
955,Punto47,"(-0.07, -0.7)","(-0.07, -0.7)"
956,Punto48,"(-0.05, -0.8)","(-0.05, -0.8)"
957,Punto49,"(-0.03, -0.9)","(-0.03, -0.9)"
958,Punto50,"(-0.0, -1.0)","(-0.0, -1.0)"
959,Punto51,"(0.03, -1.1)","(0.03, -1.1)"
960,Punto52,"(0.08, -1.2)","(0.08, -1.2)"
961,Punto53,"(0.12, -1.29)","(0.12, -1.29)"
962,Punto54,"(0.18, -1.39)","(0.18, -1.39)"
963,Punto55,"(0.23, -1.48)","(0.23, -1.48)"
964,Punto56,"(0.3, -1.57)","(0.3, -1.57)"
965,Punto57,"(0.37, -1.66)","(0.37, -1.66)"
966,Punto58,"(0.45, -1.74)","(0.45, -1.74)"
967,Punto59,"(0.53, -1.82)","(0.53, -1.82)"
968,Punto60,"(0.0, -0.0)","(0.0, -0.0)"
969,Punto61,"(0.03, -0.09)","(0.03, -0.09)"
970,Punto62,"(0.07, -0.19)","(0.07, -0.19)"
971,Punto63,"(0.12, -0.28)","(0.12, -0.28)"
972,Punto64,"(0.17, -0.36)","(0.17, -0.36)"
973,Punto65,"(0.23, -0.45)","(0.23, -0.45)"
974,Punto66,"(0.29, -0.53)","(0.29, -0.53)"
975,Punto67,"(0.36, -0.6)","(0.36, -0.6)"
976,Punto68,"(0.43, -0.68)","(0.43, -0.68)"
977,Punto69,"(0.51, -0.74)","(0.51, -0.74)"
978,Punto70,"(0.59, -0.81)","(0.59, -0.81)"
979,Punto71,"(0.67, -0.87)","(0.67, -0.87)"
980,Punto72,"(0.76, -0.92)","(0.76, -0.92)"
981,Punto73,"(0.86, -0.98)","(0.86, -0.98)"
982,Punto74,"(0.96, -1.02)","(0.96, -1.02)"
983,Punto75,"(1.06, -1.06)","(1.06, -1.06)"
984,Punto76,"(1.17, -1.1)","(1.17, -1.1)"
985,Punto77,"(1.28, -1.12)","(1.28, -1.12)"
986,Punto78,"(1.39, -1.15)","(1.39, -1.15)"
987,Punto79,"(1.5, -1.16)","(1.5, -1.16)"
988,Punto80,"(0.0, -0.0)","(0.0, -0.0)"
989,Punto81,"(0.08, -0.06)","(0.08, -0.06)"
990,Punto82,"(0.17, -0.11)","(0.17, -0.11)"
991,Punto83,"(0.26, -0.15)","(0.26, -0.15)"
992,Punto84,"(0.35, -0.19)","(0.35, -0.19)"
993,Punto85,"(0.45, -0.23)","(0.45, -0.23)"
994,Punto86,"(0.54, -0.26)","(0.54, -0.26)"
995,Punto87,"(0.64, -0.28)","(0.64, -0.28)"
996,Punto88,"(0.74, -0.29)","(0.74, -0.29)"
997,Punto89,"(0.85, -0.3)","(0.85, -0.3)"
998,Punto90,"(0.95, -0.31)","(0.95, -0.31)"
999,Punto91,"(1.06, -0.31)","(1.06, -0.31)"
1000,Punto92,"(1.16, -0.3)","(1.16, -0.3)"
1001,Punto93,"(1.27, -0.28)","(1.27, -0.28)"
1002,Punto94,"(1.38, -0.26)","(1.38, -0.26)"
1003,Punto95,"(1.48, -0.23)","(1.48, -0.23)"
1004,Punto96,"(1.59, -0.2)","(1.59, -0.2)"
1005,Punto97,"(1.69, -0.16)","(1.69, -0.16)"
1006,Punto98,"(1.8, -0.11)","(1.8, -0.11)"
1007,Punto99,"(1.9, -0.06)","(1.9, -0.06)"
